ID;Nombre;Apellido;Telefono;Direccion;Activo;Usuario;Clave;SeccionActiva;IngresoDelMes;NumeroDeVentas;Clientes Agregados
30004811;Masami;Rangel;213456423;Merica;True;user1234;1234;False;0;0;0
1234436124;Leo;Leonel;32842353432;Argentina;True;leo;12345;False;0;0;0
23456212;Carlos;Hernandez;2341124543;Caracas;True;capibara;987;False;0;0;0
3042114;Alan;Claron;2345643234;Falcon;True;alan;3042114;False;0;0;0
2346521342;"Menos ";Trece;923481243;España;True;menos;2346521342;False;0;0;0
3246546213;Campeon;Mundial;2345675345;Qatar;True;campeon;3246546213;False;0;0;0
2435642342;Gustabo;Manal;2342345234;Valera;True;gustabo;2435642342;False;0;0;0
320123534;Manuel;Alfonso;43636565753;Merida;True;manuel;320123534;False;0;0;0
423465462;Leviatan;Olcus;324543534;Atlantico;True;leviatan;423465462;False;0;0;0
3242645632;Steve;Chacon;4564324234;Atlanta;True;steve;3242645632;False;0;0;0
23456754612;Alex;Troyer;4534134;Florida;True;alex;23456754612;False;0;0;0
22093487;Targon;Calmar;34565787345;Merida;True;targon;22093487;False;0;0;0
12857012;Malos;Buenos;6509746245;Merida;True;malos;12857012;False;0;0;0
739402164;Trumo;Carrizo;93673295234;Caracas;True;trumo;739402164;False;0;0;0
345230948;Jalon;Estiron;3284724312;Merida;True;jalon;345230948;False;0;0;0
23408923641;Halo;MasterShift;34598823412;Colorado;True;halo;23408923641;False;0;0;0
32567912;Ariana;Sosa;2387421324;Merida;True;ariana;32567912;False;0;0;0
26783103;Andrea;Sosa;32984298753;España;True;andrea;26783103;False;0;0;0
32487923421;Golfredo;Linguini;23946298145;Italia;True;golfredo;32487923421;False;0;0;0
13215658634;Richard;Espinosa;2348652384;Texas;True;richard;13215658634;False;0;0;0

