ID;Nombre;Descripción;Precio;Hardware;Medidas;Software;Licencia;Versión;Dispositivo;Modelo;Cantidad;Tipo;Habilitado;Eliminado
D0001;SmartWatch Xiaomi Lite;Xiaomi Mi Watch Lite Reloj inteligente , GPS, control frecuencia cardíaca, 11 modelos de entrenamiento, color negro;85;False;;False;;;True;Redmi Watch 2 lite;29;Device;True;False
D0002;Computadora Gamer;PC de alta gama para juagr videojuegos de ultima generacion con rtxON;3234;False;;False;;;True;MSI SmartDragon;12;Device;True;False
S0001;Driver Booster;Actualiza tus drivers en un solo click;100;False;;True;Anual;DB-104a;False;;32;Software;True;False
H0001;Pantalla AOC;Un Monitor de la Marca AOC de 27'.;180;True;70x60x6;False;;;False;;15;Hardware;True;False
S0002;Photoshop;Photoshop Portable en su versión CS6, muy bueno para ediciones de imagen.;200;False;;True;Anual;CS6;False;;80;Software;True;False
D0003;Redmi Note 8 Pro;"  Un Dispositivo movil de gama media";250;False;;False;;;True;777777;15;Device;True;False
H0002;Tarjeta Madre ASUS;Tarjeta Madre Asus Dark Hero VII, perfecta para Gaming, con mucha capacidad de memoria RAM, etc.;150;True;30x20x3;False;;;False;;5;Hardware;True;False
H0003;TecladoLogitech;Un teclado mecánico, con RGB dinámico, perfecto para Gamers.;20;True;10x20x3;False;;;False;;56;Hardware;True;False
H0004;Mouse Multi Botones;"Mouse gaming de mutiples botones ";150;True;11.3x5.8 cm;False;;;False;;16;Hardware;True;False
D0004;Play Station;"Consola de videojuegos ultima generacion ";550;False;;False;;;True;PS5 860g;10;Device;True;False
D0005;Calculadora Casio;Calculadora cientifica alta gama;80;False;;False;;;True;fx-82ms;17;Device;True;False
S0003;Autocad;Software perfecto para el uso de creacion de dibujos 2D y 3D;55;False;;True;6 meses;1.9.8;False;;38;Software;True;False
D0006;NitendoSwitch;Consola de video juegos portatiles;380;False;;False;;;True;Switch Oled;18;Device;True;False
H0005;Pantalla gaming;Pantalla gamin de alta definicion;250;True;68.5 x 121.8 x140 cm;False;;;False;;29;Hardware;True;False
D0007;"Iphone ";Smartphone de alta gama;1000;False;;False;;;True;Iphone pro max 12;88;Device;True;False
S0004;Filmora;"Editor de videos ";35;False;;True;1 año;2.0.0;False;;23;Software;True;False
D0008;Redmi Note;Dispositivo de gama media con 8 g de ram;234;False;;False;;;True;Redimi Note 10 pro;20;Device;True;False
H0006;Fuente de poder;Potencia de salida 600w;200;True;20 cm cubico;False;;;False;;30;Hardware;True;False
D0009;Tablet;Memoria ram 2 g con espacio de almacenamiento de 32 g tamaño de pantalla de 8 pulgadas;200;False;;False;;;True;Tablet AmazonPrime;20;Device;True;False
D0010;Pantalla Oled;Pantalla SmartTV de alta gama;1500;False;;False;;;True;Samsung 4k;20;Device;True;False
D0011;Audifonos Gaming;Poca latencia y de alta resolucion sonora;200;False;;False;;;True;Logit 260x;14;Device;True;False
H0007;Teclado Mecanico;"Teclado Gaming con buena sencibilidad ";500;True;"45x15 cm ";False;;;False;;4;Hardware;True;False
