ID;Nombre;Apellido;Telefono;Direccion;Activo
12942565;Andres;Coman;42481235531;Sabana Grande;True
83472074;Cristiano;Maldonado;4147591234;Merida El Vigia;True
30582634;Gerard;Kique;41623465474;Valera Trujillo;True
98576324;Lionel;Massi;4149872867;Merida edo Merida;True
204569123;Neymar;Picon;4147657243;Salto Angel;True
300486721;Ana;Bustamante;2343464671;Caracas DC;True
23462675;Enzo;Mali;2323546232;San Cristobal edo Tachira;True
30876945;Eric;Chacon;2346216756;Merida edo Merida;True
56792432;Eva;Canalla;2342764365;Sabana Pequeña;True
6213954345;Eva;Cristiana;2234621665;Cumana Colombia;True
18456832;Hugo;Chavez;4234676523;Bajo Tierra;True
346765123;Ivan;Sevan;43863454643;Tu Cacas edo Falcon;True
23098236;Lara;Menor;34878294214;"Capital Tucuma ";True
3245561234;Leo;Capricornio;3453475672;Titan Luna de Jupiter;True
23008534;Luz;Marina;32534641234;Valera edo Trujillo;True
2426451237;Nora;Melan;56713123865;Merida edo Yucatan;True
32942831;Mar;Oceano;34656798624;Cuba;True
30049587;Raul;Toman;65456234234;Agua Blanca;True
234124376845;Sara;Conor;2234256745;Atlanta USA;True
30087621;Hector;Campos;34543652321;Merida edo Merida;True
213;Zeus;Dios Del Trueno;23423677562;Olimpo Grecia;True

