[
  {
    "EmployeSale": {
      "User": "daniel",
      "ActiveSession": true,
      "Password": 29520633,
      "ConcludedSales": 0,
      "BilledAmount": 0.0,
      "AddedClients": 0,
      "LastAddedClient": null,
      "Name": "Daniel",
      "LastName": "Márquez",
      "Id": 29520633,
      "Phone": 4126035977,
      "Address": "Mérida edo, Mérida",
      "Enabled": true
    },
    "ClientSale": {
      "Name": "Juan",
      "LastName": "Zerpa",
      "Id": 4161739573,
      "Phone": 10104536,
      "Address": "Mérida edo Mérida",
      "Enabled": true
    },
    "ProductSale": {
      "ProductsInCar": [
        {
          "Id": "D0001",
          "Name": "SmartWatch Xiaomi Lite",
          "Description": "Xiaomi Mi Watch Lite Reloj inteligente , GPS, control frecuencia cardíaca, 11 modelos de entrenamiento, color negro",
          "Price": 85.0,
          "Hard": null,
          "Soft": null,
          "Devi": {
            "IsDevice": true,
            "Model": "Redmi Watch 2 lite"
          },
          "Cantity": 6,
          "Type": "Device",
          "Enabled": true,
          "Removed": false
        }
      ],
      "CantitySale": 6,
      "TotalAmount": 510.0
    },
    "BillId": "F0001",
    "Contributor": true,
    "BillDate": "2023-04-24T00:00:00-04:00"
  },
  {
    "EmployeSale": {
      "User": null,
      "ActiveSession": false,
      "Password": 0,
      "ConcludedSales": 0,
      "BilledAmount": 0.0,
      "AddedClients": 0,
      "LastAddedClient": null,
      "Name": null,
      "LastName": null,
      "Id": 0,
      "Phone": 0,
      "Address": null,
      "Enabled": true
    },
    "ClientSale": {
      "Name": "Ariana Beatriz",
      "LastName": "Felix",
      "Id": 4126458347,
      "Phone": 28456921,
      "Address": "Vargas",
      "Enabled": true
    },
    "ProductSale": {
      "ProductsInCar": [
        {
          "Id": "S0001",
          "Name": "Asumecha",
          "Description": "increible",
          "Price": 55.0,
          "Hard": null,
          "Soft": {
            "IsSoftware": true,
            "Licence": "gratis",
            "Version": "24"
          },
          "Devi": null,
          "Cantity": 2,
          "Type": "Software",
          "Enabled": true,
          "Removed": false
        }
      ],
      "CantitySale": 2,
      "TotalAmount": 110.0
    },
    "BillId": "F0002",
    "Contributor": false,
    "BillDate": "2023-05-05T00:00:00-04:00"
  },
  {
    "EmployeSale": {
      "User": "chamuel",
      "ActiveSession": true,
      "Password": 29958217,
      "ConcludedSales": 0,
      "BilledAmount": 0.0,
      "AddedClients": 0,
      "LastAddedClient": null,
      "Name": "Chamuel",
      "LastName": "Rangel",
      "Id": 29958217,
      "Phone": 4147478093,
      "Address": "Mérida edo, Mérida",
      "Enabled": true
    },
    "ClientSale": {
      "Name": "Juan",
      "LastName": "Zerpa",
      "Id": 4161739573,
      "Phone": 10104535,
      "Address": "Mérida edo Mérida",
      "Enabled": true
    },
    "ProductSale": {
      "ProductsInCar": [
        {
          "Id": "D0001",
          "Name": "SmartWatch Xiaomi Lite",
          "Description": "Xiaomi Mi Watch Lite Reloj inteligente , GPS, control frecuencia cardíaca, 11 modelos de entrenamiento, color negro",
          "Price": 85.0,
          "Hard": null,
          "Soft": null,
          "Devi": {
            "IsDevice": true,
            "Model": "Redmi Watch 2 lite"
          },
          "Cantity": 5,
          "Type": "Device",
          "Enabled": true,
          "Removed": false
        },
        {
          "Id": "H0007",
          "Name": "Teclado Mecanico",
          "Description": "Teclado Gaming con buena sencibilidad ",
          "Price": 500.0,
          "Hard": {
            "IsHarware": true,
            "Meassures": "45x15 cm "
          },
          "Soft": null,
          "Devi": null,
          "Cantity": 2,
          "Type": "Hardware",
          "Enabled": true,
          "Removed": false
        },
        {
          "Id": "D0005",
          "Name": "Calculadora Casio",
          "Description": "Calculadora cientifica alta gama",
          "Price": 80.0,
          "Hard": null,
          "Soft": null,
          "Devi": {
            "IsDevice": true,
            "Model": "fx-82ms"
          },
          "Cantity": 1,
          "Type": "Device",
          "Enabled": true,
          "Removed": false
        }
      ],
      "CantitySale": 8,
      "TotalAmount": 1505.0
    },
    "BillId": "F0003",
    "Contributor": true,
    "BillDate": "2023-05-06T00:00:00-04:00"
  },
  {
    "EmployeSale": {
      "User": "chamuel",
      "ActiveSession": true,
      "Password": 29958217,
      "ConcludedSales": 1,
      "BilledAmount": 1670.55,
      "AddedClients": 0,
      "LastAddedClient": null,
      "Name": "Chamuel",
      "LastName": "Rangel",
      "Id": 29958217,
      "Phone": 4147478093,
      "Address": "Mérida edo, Mérida",
      "Enabled": true
    },
    "ClientSale": {
      "Name": "Juan",
      "LastName": "Zerpa",
      "Id": 4161739573,
      "Phone": 10104535,
      "Address": "Mérida edo Mérida",
      "Enabled": true
    },
    "ProductSale": {
      "ProductsInCar": [
        {
          "Id": "D0001",
          "Name": "SmartWatch Xiaomi Lite",
          "Description": "Xiaomi Mi Watch Lite Reloj inteligente , GPS, control frecuencia cardíaca, 11 modelos de entrenamiento, color negro",
          "Price": 85.0,
          "Hard": null,
          "Soft": null,
          "Devi": {
            "IsDevice": true,
            "Model": "Redmi Watch 2 lite"
          },
          "Cantity": 2,
          "Type": "Device",
          "Enabled": true,
          "Removed": false
        }
      ],
      "CantitySale": 2,
      "TotalAmount": 170.0
    },
    "BillId": "F0004",
    "Contributor": false,
    "BillDate": "2023-05-06T00:00:00-04:00"
  },
  {
    "EmployeSale": {
      "User": null,
      "ActiveSession": false,
      "Password": 0,
      "ConcludedSales": 0,
      "BilledAmount": 0.0,
      "AddedClients": 0,
      "LastAddedClient": null,
      "Name": null,
      "LastName": null,
      "Id": 0,
      "Phone": 0,
      "Address": null,
      "Enabled": true
    },
    "ClientSale": {
      "Name": "Pablo",
      "LastName": "Mora",
      "Id": 4168945674,
      "Phone": 14567965,
      "Address": "Caracas ",
      "Enabled": true
    },
    "ProductSale": {
      "ProductsInCar": [
        {
          "Id": "D0002",
          "Name": "SmartWatch Xiaomi Lite",
          "Description": "Xiaomi Mi Watch Lite Reloj inteligente , GPS, control frecuencia cardíaca, 11 modelos de entrenamiento, color negro.",
          "Price": 85.0,
          "Hard": {
            "IsHarware": false,
            "Meassures": ""
          },
          "Soft": {
            "IsSoftware": false,
            "Licence": "",
            "Version": ""
          },
          "Devi": {
            "IsDevice": true,
            "Model": "Redmi Watch 2 lite"
          },
          "Cantity": 2,
          "Type": "Device",
          "Enabled": true,
          "Removed": false
        }
      ],
      "CantitySale": 2,
      "TotalAmount": 170.0
    },
    "BillId": "F0005",
    "Contributor": false,
    "BillDate": "2023-05-07T00:00:00-04:00"
  },
  {
    "EmployeSale": {
      "User": "marcell",
      "ActiveSession": true,
      "Password": 30756526,
      "ConcludedSales": 0,
      "BilledAmount": 0.0,
      "AddedClients": 0,
      "LastAddedClient": null,
      "Name": "Marcell",
      "LastName": "Oropeza",
      "Id": 30756526,
      "Phone": 4126858692,
      "Address": "Coro edo, Falcon",
      "Enabled": true
    },
    "ClientSale": {
      "Name": "Juan",
      "LastName": "Zerpa",
      "Id": 4161739573,
      "Phone": 10104535,
      "Address": "Mérida edo Mérida",
      "Enabled": true
    },
    "ProductSale": {
      "ProductsInCar": [
        {
          "Id": "S0003",
          "Name": "Autocad",
          "Description": "Software perfecto para el uso de creacion de dibujos 2D y 3D",
          "Price": 55.0,
          "Hard": {
            "IsHarware": false,
            "Meassures": ""
          },
          "Soft": {
            "IsSoftware": true,
            "Licence": "6 meses",
            "Version": "1.9.8"
          },
          "Devi": {
            "IsDevice": false,
            "Model": ""
          },
          "Cantity": 7,
          "Type": "Software",
          "Enabled": true,
          "Removed": false
        }
      ],
      "CantitySale": 7,
      "TotalAmount": 385.0
    },
    "BillId": "F0006",
    "Contributor": false,
    "BillDate": "2023-05-07T00:00:00-04:00"
  },
  {
    "EmployeSale": {
      "User": null,
      "ActiveSession": false,
      "Password": 0,
      "ConcludedSales": 0,
      "BilledAmount": 0.0,
      "AddedClients": 0,
      "LastAddedClient": null,
      "Name": null,
      "LastName": null,
      "Id": 0,
      "Phone": 0,
      "Address": null,
      "Enabled": true
    },
    "ClientSale": {
      "Name": "Juan",
      "LastName": "Zerpa",
      "Id": 4161739573,
      "Phone": 10104535,
      "Address": "Mérida edo Mérida",
      "Enabled": true
    },
    "ProductSale": {
      "ProductsInCar": [
        {
          "Id": "H0008",
          "Name": "a",
          "Description": "gdoihdf",
          "Price": 56.0,
          "Hard": {
            "IsHarware": true,
            "Meassures": "34"
          },
          "Soft": null,
          "Devi": null,
          "Cantity": 5,
          "Type": "Hardware",
          "Enabled": true,
          "Removed": false
        },
        {
          "Id": "D0002",
          "Name": "SmartWatch Xiaomi Lite",
          "Description": "Xiaomi Mi Watch Lite Reloj inteligente , GPS, control frecuencia cardíaca, 11 modelos de entrenamiento, color negro.",
          "Price": 85.0,
          "Hard": {
            "IsHarware": false,
            "Meassures": ""
          },
          "Soft": {
            "IsSoftware": false,
            "Licence": "",
            "Version": ""
          },
          "Devi": {
            "IsDevice": true,
            "Model": "Redmi Watch 2 lite"
          },
          "Cantity": 3,
          "Type": "Device",
          "Enabled": true,
          "Removed": false
        }
      ],
      "CantitySale": 8,
      "TotalAmount": 535.0
    },
    "BillId": "F0007",
    "Contributor": false,
    "BillDate": "2023-05-07T00:00:00-04:00"
  }
]