[
  {
    "Name": "Juan",
    "LastName": "Zerpa",
    "Id": 10104535,
    "Phone": 4161739573,
    "Address": "Mérida edo Mérida",
    "Enabled": true
  },
  {
    "Name": "Pablo",
    "LastName": "Mora",
    "Id": 14567965,
    "Phone": 4168945674,
    "Address": "Caracas ",
    "Enabled": true
  },
  {
    "Name": "Ariana Beatriz",
    "LastName": "Felix",
    "Id": 28456921,
    "Phone": 4126458347,
    "Address": "Vargas",
    "Enabled": true
  },
  {
    "Name": "Julian",
    "LastName": "Pancho",
    "Id": 30754687,
    "Phone": 4247938475,
    "Address": "Salto Angel",
    "Enabled": true
  },
  {
    "Name": "Andres",
    "LastName": "Coman",
    "Id": 12942565,
    "Phone": 42481235531,
    "Address": "Sabana Grande",
    "Enabled": true
  }
]