[
  {
    "Id": "D0001",
    "Name": "SmartWatch Xiaomi Lite",
    "Description": "Xiaomi Mi Watch Lite Reloj inteligente , GPS, control frecuencia cardíaca, 11 modelos de entrenamiento, color negro",
    "Price": 85.0,
    "Hard": null,
    "Soft": null,
    "Devi": {
      "IsDevice": true,
      "Model": "Redmi Watch 2 lite"
    },
    "Cantity": 27,
    "Type": "Device",
    "Enabled": false,
    "Removed": true
  },
  {
    "Id": "D0002",
    "Name": "SmartWatch Xiaomi Lite",
    "Description": "Xiaomi Mi Watch Lite Reloj inteligente , GPS, control frecuencia cardíaca, 11 modelos de entrenamiento, color negro.",
    "Price": 85.0,
    "Hard": {
      "IsHarware": false,
      "Meassures": ""
    },
    "Soft": {
      "IsSoftware": false,
      "Licence": "",
      "Version": ""
    },
    "Devi": {
      "IsDevice": true,
      "Model": "Redmi Watch 2 lite"
    },
    "Cantity": 24,
    "Type": "Device",
    "Enabled": true,
    "Removed": false
  },
  {
    "Id": "D0003",
    "Name": "Computadora Gamer",
    "Description": "PC de alta gama para juagr videojuegos de ultima generacion con rtxON",
    "Price": 3234.0,
    "Hard": {
      "IsHarware": false,
      "Meassures": ""
    },
    "Soft": {
      "IsSoftware": false,
      "Licence": "",
      "Version": ""
    },
    "Devi": {
      "IsDevice": true,
      "Model": "MSI SmartDragon"
    },
    "Cantity": 12,
    "Type": "Device",
    "Enabled": false,
    "Removed": true
  },
  {
    "Id": "S0001",
    "Name": "Driver Booster",
    "Description": "Actualiza tus drivers en un solo click",
    "Price": 100.0,
    "Hard": {
      "IsHarware": false,
      "Meassures": ""
    },
    "Soft": {
      "IsSoftware": true,
      "Licence": "Anual",
      "Version": "DB-104a"
    },
    "Devi": {
      "IsDevice": false,
      "Model": ""
    },
    "Cantity": 32,
    "Type": "Software",
    "Enabled": false,
    "Removed": true
  },
  {
    "Id": "H0001",
    "Name": "Pantalla AOC",
    "Description": "Un Monitor de la Marca AOC de 27'.",
    "Price": 180.0,
    "Hard": {
      "IsHarware": true,
      "Meassures": "70x60x6"
    },
    "Soft": {
      "IsSoftware": false,
      "Licence": "",
      "Version": ""
    },
    "Devi": {
      "IsDevice": false,
      "Model": ""
    },
    "Cantity": 15,
    "Type": "Hardware",
    "Enabled": false,
    "Removed": true
  },
  {
    "Id": "S0002",
    "Name": "Photoshop",
    "Description": "Photoshop Portable en su versión CS6, muy bueno para ediciones de imagen.",
    "Price": 200.0,
    "Hard": {
      "IsHarware": false,
      "Meassures": ""
    },
    "Soft": {
      "IsSoftware": true,
      "Licence": "Anual",
      "Version": "CS6"
    },
    "Devi": {
      "IsDevice": false,
      "Model": ""
    },
    "Cantity": 80,
    "Type": "Software",
    "Enabled": false,
    "Removed": true
  },
  {
    "Id": "D0004",
    "Name": "Redmi Note 8 Pro",
    "Description": "  Un Dispositivo movil de gama media",
    "Price": 250.0,
    "Hard": {
      "IsHarware": false,
      "Meassures": ""
    },
    "Soft": {
      "IsSoftware": false,
      "Licence": "",
      "Version": ""
    },
    "Devi": {
      "IsDevice": true,
      "Model": "777777"
    },
    "Cantity": 15,
    "Type": "Device",
    "Enabled": false,
    "Removed": true
  },
  {
    "Id": "H0002",
    "Name": "Tarjeta Madre ASUS",
    "Description": "Tarjeta Madre Asus Dark Hero VII, perfecta para Gaming, con mucha capacidad de memoria RAM, etc.",
    "Price": 150.0,
    "Hard": {
      "IsHarware": true,
      "Meassures": "30x20x3"
    },
    "Soft": {
      "IsSoftware": false,
      "Licence": "",
      "Version": ""
    },
    "Devi": {
      "IsDevice": false,
      "Model": ""
    },
    "Cantity": 5,
    "Type": "Hardware",
    "Enabled": false,
    "Removed": true
  },
  {
    "Id": "H0003",
    "Name": "TecladoLogitech",
    "Description": "Un teclado mecánico, con RGB dinámico, perfecto para Gamers.",
    "Price": 20.0,
    "Hard": {
      "IsHarware": true,
      "Meassures": "10x20x3"
    },
    "Soft": {
      "IsSoftware": false,
      "Licence": "",
      "Version": ""
    },
    "Devi": {
      "IsDevice": false,
      "Model": ""
    },
    "Cantity": 56,
    "Type": "Hardware",
    "Enabled": false,
    "Removed": true
  },
  {
    "Id": "H0004",
    "Name": "Mouse Multi Botones",
    "Description": "Mouse gaming de mutiples botones ",
    "Price": 150.0,
    "Hard": {
      "IsHarware": true,
      "Meassures": "11.3x5.8 cm"
    },
    "Soft": {
      "IsSoftware": false,
      "Licence": "",
      "Version": ""
    },
    "Devi": {
      "IsDevice": false,
      "Model": ""
    },
    "Cantity": 16,
    "Type": "Hardware",
    "Enabled": false,
    "Removed": true
  },
  {
    "Id": "D0005",
    "Name": "Play Station",
    "Description": "Consola de videojuegos ultima generacion ",
    "Price": 550.0,
    "Hard": {
      "IsHarware": false,
      "Meassures": ""
    },
    "Soft": {
      "IsSoftware": false,
      "Licence": "",
      "Version": ""
    },
    "Devi": {
      "IsDevice": true,
      "Model": "PS5 860g"
    },
    "Cantity": 10,
    "Type": "Device",
    "Enabled": false,
    "Removed": true
  },
  {
    "Id": "D0006",
    "Name": "Calculadora Casio",
    "Description": "Calculadora cientifica alta gama",
    "Price": 80.0,
    "Hard": {
      "IsHarware": false,
      "Meassures": ""
    },
    "Soft": {
      "IsSoftware": false,
      "Licence": "",
      "Version": ""
    },
    "Devi": {
      "IsDevice": true,
      "Model": "fx-82ms"
    },
    "Cantity": 17,
    "Type": "Device",
    "Enabled": false,
    "Removed": true
  },
  {
    "Id": "S0003",
    "Name": "Autocad",
    "Description": "Software perfecto para el uso de creacion de dibujos 2D y 3D",
    "Price": 55.0,
    "Hard": {
      "IsHarware": false,
      "Meassures": ""
    },
    "Soft": {
      "IsSoftware": true,
      "Licence": "6 meses",
      "Version": "1.9.8"
    },
    "Devi": {
      "IsDevice": false,
      "Model": ""
    },
    "Cantity": 31,
    "Type": "Software",
    "Enabled": false,
    "Removed": true
  },
  {
    "Id": "D0007",
    "Name": "NitendoSwitch",
    "Description": "Consola de video juegos portatiles",
    "Price": 380.0,
    "Hard": {
      "IsHarware": false,
      "Meassures": ""
    },
    "Soft": {
      "IsSoftware": false,
      "Licence": "",
      "Version": ""
    },
    "Devi": {
      "IsDevice": true,
      "Model": "Switch Oled"
    },
    "Cantity": 18,
    "Type": "Device",
    "Enabled": false,
    "Removed": true
  },
  {
    "Id": "H0005",
    "Name": "Pantalla gaming",
    "Description": "Pantalla gamin de alta definicion",
    "Price": 250.0,
    "Hard": {
      "IsHarware": true,
      "Meassures": "68.5 x 121.8 x140 cm"
    },
    "Soft": {
      "IsSoftware": false,
      "Licence": "",
      "Version": ""
    },
    "Devi": {
      "IsDevice": false,
      "Model": ""
    },
    "Cantity": 29,
    "Type": "Hardware",
    "Enabled": false,
    "Removed": true
  },
  {
    "Id": "D0008",
    "Name": "Iphone ",
    "Description": "Smartphone de alta gama",
    "Price": 1000.0,
    "Hard": {
      "IsHarware": false,
      "Meassures": ""
    },
    "Soft": {
      "IsSoftware": false,
      "Licence": "",
      "Version": ""
    },
    "Devi": {
      "IsDevice": true,
      "Model": "Iphone pro max 12"
    },
    "Cantity": 88,
    "Type": "Device",
    "Enabled": false,
    "Removed": true
  },
  {
    "Id": "S0004",
    "Name": "Filmora",
    "Description": "Editor de videos ",
    "Price": 35.0,
    "Hard": {
      "IsHarware": false,
      "Meassures": ""
    },
    "Soft": {
      "IsSoftware": true,
      "Licence": "1 año",
      "Version": "2.0.0"
    },
    "Devi": {
      "IsDevice": false,
      "Model": ""
    },
    "Cantity": 23,
    "Type": "Software",
    "Enabled": false,
    "Removed": true
  },
  {
    "Id": "D0009",
    "Name": "Redmi Note",
    "Description": "Dispositivo de gama media con 8 g de ram",
    "Price": 234.0,
    "Hard": {
      "IsHarware": false,
      "Meassures": ""
    },
    "Soft": {
      "IsSoftware": false,
      "Licence": "",
      "Version": ""
    },
    "Devi": {
      "IsDevice": true,
      "Model": "Redimi Note 10 pro"
    },
    "Cantity": 20,
    "Type": "Device",
    "Enabled": false,
    "Removed": true
  },
  {
    "Id": "H0006",
    "Name": "Fuente de poder",
    "Description": "Potencia de salida 600w",
    "Price": 200.0,
    "Hard": {
      "IsHarware": true,
      "Meassures": "20 cm cubico"
    },
    "Soft": {
      "IsSoftware": false,
      "Licence": "",
      "Version": ""
    },
    "Devi": {
      "IsDevice": false,
      "Model": ""
    },
    "Cantity": 30,
    "Type": "Hardware",
    "Enabled": false,
    "Removed": true
  },
  {
    "Id": "D0010",
    "Name": "Tablet",
    "Description": "Memoria ram 2 g con espacio de almacenamiento de 32 g tamaño de pantalla de 8 pulgadas",
    "Price": 200.0,
    "Hard": {
      "IsHarware": false,
      "Meassures": ""
    },
    "Soft": {
      "IsSoftware": false,
      "Licence": "",
      "Version": ""
    },
    "Devi": {
      "IsDevice": true,
      "Model": "Tablet AmazonPrime"
    },
    "Cantity": 20,
    "Type": "Device",
    "Enabled": false,
    "Removed": true
  },
  {
    "Id": "D0011",
    "Name": "Pantalla Oled",
    "Description": "Pantalla SmartTV de alta gama",
    "Price": 1500.0,
    "Hard": {
      "IsHarware": false,
      "Meassures": ""
    },
    "Soft": {
      "IsSoftware": false,
      "Licence": "",
      "Version": ""
    },
    "Devi": {
      "IsDevice": true,
      "Model": "Samsung 4k"
    },
    "Cantity": 20,
    "Type": "Device",
    "Enabled": false,
    "Removed": true
  },
  {
    "Id": "D0012",
    "Name": "Audifonos Gaming",
    "Description": "Poca latencia y de alta resolucion sonora",
    "Price": 200.0,
    "Hard": {
      "IsHarware": false,
      "Meassures": ""
    },
    "Soft": {
      "IsSoftware": false,
      "Licence": "",
      "Version": ""
    },
    "Devi": {
      "IsDevice": true,
      "Model": "Logit 260x"
    },
    "Cantity": 14,
    "Type": "Device",
    "Enabled": false,
    "Removed": true
  },
  {
    "Id": "H0007",
    "Name": "Teclado Mecanico",
    "Description": "Teclado Gaming con buena sencibilidad ",
    "Price": 500.0,
    "Hard": {
      "IsHarware": true,
      "Meassures": "45x15 cm "
    },
    "Soft": {
      "IsSoftware": false,
      "Licence": "",
      "Version": ""
    },
    "Devi": {
      "IsDevice": false,
      "Model": ""
    },
    "Cantity": 4,
    "Type": "Hardware",
    "Enabled": false,
    "Removed": true
  },
  {
    "Id": "H0008",
    "Name": "a",
    "Description": "gdoihdf",
    "Price": 56.0,
    "Hard": {
      "IsHarware": true,
      "Meassures": "34"
    },
    "Soft": null,
    "Devi": null,
    "Cantity": 2,
    "Type": "Hardware",
    "Enabled": false,
    "Removed": true
  },
  {
    "Id": "H0009",
    "Name": "Hola",
    "Description": "hola como estas",
    "Price": 12.0,
    "Hard": {
      "IsHarware": true,
      "Meassures": "10x20x30"
    },
    "Soft": null,
    "Devi": null,
    "Cantity": 100,
    "Type": "Hardware",
    "Enabled": false,
    "Removed": true
  },
  {
    "Id": "D0013",
    "Name": "SmartWatch Xiaomi Lite",
    "Description": "Xiaomi Mi Watch Lite Reloj inteligente , GPS, control frecuencia cardíaca, 11 modelos de entrenamiento, color negro",
    "Price": 85.0,
    "Hard": {
      "IsHarware": false,
      "Meassures": ""
    },
    "Soft": {
      "IsSoftware": false,
      "Licence": "",
      "Version": ""
    },
    "Devi": {
      "IsDevice": true,
      "Model": "Redmi Watch 2 lite"
    },
    "Cantity": 29,
    "Type": "Device",
    "Enabled": false,
    "Removed": true
  },
  {
    "Id": "D0014",
    "Name": "Computadora Gamer",
    "Description": "PC de alta gama para juagr videojuegos de ultima generacion con rtxON",
    "Price": 3234.0,
    "Hard": {
      "IsHarware": false,
      "Meassures": ""
    },
    "Soft": {
      "IsSoftware": false,
      "Licence": "",
      "Version": ""
    },
    "Devi": {
      "IsDevice": true,
      "Model": "MSI SmartDragon"
    },
    "Cantity": 12,
    "Type": "Device",
    "Enabled": false,
    "Removed": true
  },
  {
    "Id": "S0005",
    "Name": "Driver Booster",
    "Description": "Actualiza tus drivers en un solo click",
    "Price": 100.0,
    "Hard": {
      "IsHarware": false,
      "Meassures": ""
    },
    "Soft": {
      "IsSoftware": true,
      "Licence": "Anual",
      "Version": "DB-104a"
    },
    "Devi": {
      "IsDevice": false,
      "Model": ""
    },
    "Cantity": 32,
    "Type": "Software",
    "Enabled": false,
    "Removed": true
  },
  {
    "Id": "H0010",
    "Name": "Pantalla AOC",
    "Description": "Un Monitor de la Marca AOC de 27'.",
    "Price": 180.0,
    "Hard": {
      "IsHarware": true,
      "Meassures": "70x60x6"
    },
    "Soft": {
      "IsSoftware": false,
      "Licence": "",
      "Version": ""
    },
    "Devi": {
      "IsDevice": false,
      "Model": ""
    },
    "Cantity": 15,
    "Type": "Hardware",
    "Enabled": false,
    "Removed": true
  },
  {
    "Id": "S0006",
    "Name": "Photoshop",
    "Description": "Photoshop Portable en su versión CS6, muy bueno para ediciones de imagen.",
    "Price": 200.0,
    "Hard": {
      "IsHarware": false,
      "Meassures": ""
    },
    "Soft": {
      "IsSoftware": true,
      "Licence": "Anual",
      "Version": "CS6"
    },
    "Devi": {
      "IsDevice": false,
      "Model": ""
    },
    "Cantity": 80,
    "Type": "Software",
    "Enabled": false,
    "Removed": true
  },
  {
    "Id": "D0015",
    "Name": "Redmi Note 8 Pro",
    "Description": "  Un Dispositivo movil de gama media",
    "Price": 250.0,
    "Hard": {
      "IsHarware": false,
      "Meassures": ""
    },
    "Soft": {
      "IsSoftware": false,
      "Licence": "",
      "Version": ""
    },
    "Devi": {
      "IsDevice": true,
      "Model": "777777"
    },
    "Cantity": 15,
    "Type": "Device",
    "Enabled": false,
    "Removed": true
  },
  {
    "Id": "H0011",
    "Name": "Tarjeta Madre ASUS",
    "Description": "Tarjeta Madre Asus Dark Hero VII, perfecta para Gaming, con mucha capacidad de memoria RAM, etc.",
    "Price": 150.0,
    "Hard": {
      "IsHarware": true,
      "Meassures": "30x20x3"
    },
    "Soft": {
      "IsSoftware": false,
      "Licence": "",
      "Version": ""
    },
    "Devi": {
      "IsDevice": false,
      "Model": ""
    },
    "Cantity": 5,
    "Type": "Hardware",
    "Enabled": false,
    "Removed": true
  },
  {
    "Id": "H0012",
    "Name": "TecladoLogitech",
    "Description": "Un teclado mecánico, con RGB dinámico, perfecto para Gamers.",
    "Price": 20.0,
    "Hard": {
      "IsHarware": true,
      "Meassures": "10x20x3"
    },
    "Soft": {
      "IsSoftware": false,
      "Licence": "",
      "Version": ""
    },
    "Devi": {
      "IsDevice": false,
      "Model": ""
    },
    "Cantity": 56,
    "Type": "Hardware",
    "Enabled": false,
    "Removed": true
  },
  {
    "Id": "H0013",
    "Name": "Mouse Multi Botones",
    "Description": "Mouse gaming de mutiples botones ",
    "Price": 150.0,
    "Hard": {
      "IsHarware": true,
      "Meassures": "11.3x5.8 cm"
    },
    "Soft": {
      "IsSoftware": false,
      "Licence": "",
      "Version": ""
    },
    "Devi": {
      "IsDevice": false,
      "Model": ""
    },
    "Cantity": 16,
    "Type": "Hardware",
    "Enabled": false,
    "Removed": true
  },
  {
    "Id": "D0016",
    "Name": "Play Station",
    "Description": "Consola de videojuegos ultima generacion ",
    "Price": 550.0,
    "Hard": {
      "IsHarware": false,
      "Meassures": ""
    },
    "Soft": {
      "IsSoftware": false,
      "Licence": "",
      "Version": ""
    },
    "Devi": {
      "IsDevice": true,
      "Model": "PS5 860g"
    },
    "Cantity": 10,
    "Type": "Device",
    "Enabled": false,
    "Removed": true
  },
  {
    "Id": "D0017",
    "Name": "Calculadora Casio",
    "Description": "Calculadora cientifica alta gama",
    "Price": 80.0,
    "Hard": {
      "IsHarware": false,
      "Meassures": ""
    },
    "Soft": {
      "IsSoftware": false,
      "Licence": "",
      "Version": ""
    },
    "Devi": {
      "IsDevice": true,
      "Model": "fx-82ms"
    },
    "Cantity": 17,
    "Type": "Device",
    "Enabled": false,
    "Removed": true
  },
  {
    "Id": "S0007",
    "Name": "Autocad",
    "Description": "Software perfecto para el uso de creacion de dibujos 2D y 3D",
    "Price": 55.0,
    "Hard": {
      "IsHarware": false,
      "Meassures": ""
    },
    "Soft": {
      "IsSoftware": true,
      "Licence": "6 meses",
      "Version": "1.9.8"
    },
    "Devi": {
      "IsDevice": false,
      "Model": ""
    },
    "Cantity": 38,
    "Type": "Software",
    "Enabled": false,
    "Removed": true
  },
  {
    "Id": "D0018",
    "Name": "NitendoSwitch",
    "Description": "Consola de video juegos portatiles",
    "Price": 380.0,
    "Hard": {
      "IsHarware": false,
      "Meassures": ""
    },
    "Soft": {
      "IsSoftware": false,
      "Licence": "",
      "Version": ""
    },
    "Devi": {
      "IsDevice": true,
      "Model": "Switch Oled"
    },
    "Cantity": 18,
    "Type": "Device",
    "Enabled": false,
    "Removed": true
  },
  {
    "Id": "H0014",
    "Name": "Pantalla gaming",
    "Description": "Pantalla gamin de alta definicion",
    "Price": 250.0,
    "Hard": {
      "IsHarware": true,
      "Meassures": "68.5 x 121.8 x140 cm"
    },
    "Soft": {
      "IsSoftware": false,
      "Licence": "",
      "Version": ""
    },
    "Devi": {
      "IsDevice": false,
      "Model": ""
    },
    "Cantity": 29,
    "Type": "Hardware",
    "Enabled": false,
    "Removed": true
  },
  {
    "Id": "D0019",
    "Name": "Iphone ",
    "Description": "Smartphone de alta gama",
    "Price": 1000.0,
    "Hard": {
      "IsHarware": false,
      "Meassures": ""
    },
    "Soft": {
      "IsSoftware": false,
      "Licence": "",
      "Version": ""
    },
    "Devi": {
      "IsDevice": true,
      "Model": "Iphone pro max 12"
    },
    "Cantity": 88,
    "Type": "Device",
    "Enabled": false,
    "Removed": true
  },
  {
    "Id": "S0008",
    "Name": "Filmora",
    "Description": "Editor de videos ",
    "Price": 35.0,
    "Hard": {
      "IsHarware": false,
      "Meassures": ""
    },
    "Soft": {
      "IsSoftware": true,
      "Licence": "1 año",
      "Version": "2.0.0"
    },
    "Devi": {
      "IsDevice": false,
      "Model": ""
    },
    "Cantity": 23,
    "Type": "Software",
    "Enabled": false,
    "Removed": true
  },
  {
    "Id": "D0020",
    "Name": "Redmi Note",
    "Description": "Dispositivo de gama media con 8 g de ram",
    "Price": 234.0,
    "Hard": {
      "IsHarware": false,
      "Meassures": ""
    },
    "Soft": {
      "IsSoftware": false,
      "Licence": "",
      "Version": ""
    },
    "Devi": {
      "IsDevice": true,
      "Model": "Redimi Note 10 pro"
    },
    "Cantity": 20,
    "Type": "Device",
    "Enabled": false,
    "Removed": true
  },
  {
    "Id": "H0015",
    "Name": "Fuente de poder",
    "Description": "Potencia de salida 600w",
    "Price": 200.0,
    "Hard": {
      "IsHarware": true,
      "Meassures": "20 cm cubico"
    },
    "Soft": {
      "IsSoftware": false,
      "Licence": "",
      "Version": ""
    },
    "Devi": {
      "IsDevice": false,
      "Model": ""
    },
    "Cantity": 30,
    "Type": "Hardware",
    "Enabled": false,
    "Removed": true
  },
  {
    "Id": "D0021",
    "Name": "Tablet",
    "Description": "Memoria ram 2 g con espacio de almacenamiento de 32 g tamaño de pantalla de 8 pulgadas",
    "Price": 200.0,
    "Hard": {
      "IsHarware": false,
      "Meassures": ""
    },
    "Soft": {
      "IsSoftware": false,
      "Licence": "",
      "Version": ""
    },
    "Devi": {
      "IsDevice": true,
      "Model": "Tablet AmazonPrime"
    },
    "Cantity": 20,
    "Type": "Device",
    "Enabled": false,
    "Removed": true
  },
  {
    "Id": "D0022",
    "Name": "Pantalla Oled",
    "Description": "Pantalla SmartTV de alta gama",
    "Price": 1500.0,
    "Hard": {
      "IsHarware": false,
      "Meassures": ""
    },
    "Soft": {
      "IsSoftware": false,
      "Licence": "",
      "Version": ""
    },
    "Devi": {
      "IsDevice": true,
      "Model": "Samsung 4k"
    },
    "Cantity": 20,
    "Type": "Device",
    "Enabled": false,
    "Removed": true
  },
  {
    "Id": "D0023",
    "Name": "Audifonos Gaming",
    "Description": "Poca latencia y de alta resolucion sonora",
    "Price": 200.0,
    "Hard": {
      "IsHarware": false,
      "Meassures": ""
    },
    "Soft": {
      "IsSoftware": false,
      "Licence": "",
      "Version": ""
    },
    "Devi": {
      "IsDevice": true,
      "Model": "Logit 260x"
    },
    "Cantity": 14,
    "Type": "Device",
    "Enabled": false,
    "Removed": true
  },
  {
    "Id": "H0016",
    "Name": "Teclado Mecanico",
    "Description": "Teclado Gaming con buena sencibilidad ",
    "Price": 500.0,
    "Hard": {
      "IsHarware": true,
      "Meassures": "45x15 cm "
    },
    "Soft": {
      "IsSoftware": false,
      "Licence": "",
      "Version": ""
    },
    "Devi": {
      "IsDevice": false,
      "Model": ""
    },
    "Cantity": 4,
    "Type": "Hardware",
    "Enabled": false,
    "Removed": true
  }
]