[
  {
    "User": "educuevas",
    "ActiveSession": false,
    "Password": 30189443,
    "ConcludedSales": 0,
    "BilledAmount": 0.0,
    "AddedClients": 0,
    "LastAddedClient": null,
    "Name": "Eduardo",
    "LastName": "Cuevas",
    "Id": 30189443,
    "Phone": 4121659360,
    "Address": "Mérida edo, Mucuchíes",
    "Enabled": true
  },
  {
    "User": "ricardofel",
    "ActiveSession": false,
    "Password": 30034866,
    "ConcludedSales": 0,
    "BilledAmount": 0.0,
    "AddedClients": 0,
    "LastAddedClient": null,
    "Name": "Ricardo",
    "LastName": "Felzani",
    "Id": 30034866,
    "Phone": 4247309404,
    "Address": "Mérida edo, Mérida",
    "Enabled": true
  },
  {
    "User": "chamuel",
    "ActiveSession": false,
    "Password": 29958217,
    "ConcludedSales": 2,
    "BilledAmount": 1867.75,
    "AddedClients": 0,
    "LastAddedClient": null,
    "Name": "Chamuel",
    "LastName": "Rangel",
    "Id": 29958217,
    "Phone": 4147478093,
    "Address": "Mérida edo, Mérida",
    "Enabled": true
  },
  {
    "User": "daniel",
    "ActiveSession": false,
    "Password": 29520633,
    "ConcludedSales": 1,
    "BilledAmount": 566.1,
    "AddedClients": 0,
    "LastAddedClient": null,
    "Name": "Daniel",
    "LastName": "Márquez",
    "Id": 29520633,
    "Phone": 4126035977,
    "Address": "Mérida edo, Mérida",
    "Enabled": true
  },
  {
    "User": "marcell",
    "ActiveSession": false,
    "Password": 30756526,
    "ConcludedSales": 1,
    "BilledAmount": 446.6,
    "AddedClients": 0,
    "LastAddedClient": null,
    "Name": "Marcell",
    "LastName": "Oropeza",
    "Id": 30756526,
    "Phone": 4126858692,
    "Address": "Coro edo, Falcon",
    "Enabled": true
  },
  {
    "User": "esteban",
    "ActiveSession": false,
    "Password": 28151695,
    "ConcludedSales": 0,
    "BilledAmount": 0.0,
    "AddedClients": 0,
    "LastAddedClient": null,
    "Name": "Esteban",
    "LastName": "Araque",
    "Id": 28151695,
    "Phone": 4120484506,
    "Address": "Barinas edo, Barinas",
    "Enabled": true
  }
]